change,label,ext.context
C>A,CA.ACA,A[C>A]A
C>A,CA.ACC,A[C>A]C
C>A,CA.ACG,A[C>A]G
C>A,CA.ACT,A[C>A]T
C>A,CA.CCA,C[C>A]A
C>A,CA.CCC,C[C>A]C
C>A,CA.CCG,C[C>A]G
C>A,CA.CCT,C[C>A]T
C>A,CA.GCA,G[C>A]A
C>A,CA.GCC,G[C>A]C
C>A,CA.GCG,G[C>A]G
C>A,CA.GCT,G[C>A]T
C>A,CA.TCA,T[C>A]A
C>A,CA.TCC,T[C>A]C
C>A,CA.TCG,T[C>A]G
C>A,CA.TCT,T[C>A]T
C>G,CG.ACA,A[C>G]A
C>G,CG.ACC,A[C>G]C
C>G,CG.ACG,A[C>G]G
C>G,CG.ACT,A[C>G]T
C>G,CG.CCA,C[C>G]A
C>G,CG.CCC,C[C>G]C
C>G,CG.CCG,C[C>G]G
C>G,CG.CCT,C[C>G]T
C>G,CG.GCA,G[C>G]A
C>G,CG.GCC,G[C>G]C
C>G,CG.GCG,G[C>G]G
C>G,CG.GCT,G[C>G]T
C>G,CG.TCA,T[C>G]A
C>G,CG.TCC,T[C>G]C
C>G,CG.TCG,T[C>G]G
C>G,CG.TCT,T[C>G]T
C>T,CT.ACA,A[C>T]A
C>T,CT.ACC,A[C>T]C
C>T,CT.ACG,A[C>T]G
C>T,CT.ACT,A[C>T]T
C>T,CT.CCA,C[C>T]A
C>T,CT.CCC,C[C>T]C
C>T,CT.CCG,C[C>T]G
C>T,CT.CCT,C[C>T]T
C>T,CT.GCA,G[C>T]A
C>T,CT.GCC,G[C>T]C
C>T,CT.GCG,G[C>T]G
C>T,CT.GCT,G[C>T]T
C>T,CT.TCA,T[C>T]A
C>T,CT.TCC,T[C>T]C
C>T,CT.TCG,T[C>T]G
C>T,CT.TCT,T[C>T]T
T>A,TA.ATA,A[T>A]A
T>A,TA.ATC,A[T>A]C
T>A,TA.ATG,A[T>A]G
T>A,TA.ATT,A[T>A]T
T>A,TA.CTA,C[T>A]A
T>A,TA.CTC,C[T>A]C
T>A,TA.CTG,C[T>A]G
T>A,TA.CTT,C[T>A]T
T>A,TA.GTA,G[T>A]A
T>A,TA.GTC,G[T>A]C
T>A,TA.GTG,G[T>A]G
T>A,TA.GTT,G[T>A]T
T>A,TA.TTA,T[T>A]A
T>A,TA.TTC,T[T>A]C
T>A,TA.TTG,T[T>A]G
T>A,TA.TTT,T[T>A]T
T>C,TC.ATA,A[T>C]A
T>C,TC.ATC,A[T>C]C
T>C,TC.ATG,A[T>C]G
T>C,TC.ATT,A[T>C]T
T>C,TC.CTA,C[T>C]A
T>C,TC.CTC,C[T>C]C
T>C,TC.CTG,C[T>C]G
T>C,TC.CTT,C[T>C]T
T>C,TC.GTA,G[T>C]A
T>C,TC.GTC,G[T>C]C
T>C,TC.GTG,G[T>C]G
T>C,TC.GTT,G[T>C]T
T>C,TC.TTA,T[T>C]A
T>C,TC.TTC,T[T>C]C
T>C,TC.TTG,T[T>C]G
T>C,TC.TTT,T[T>C]T
T>G,TG.ATA,A[T>G]A
T>G,TG.ATC,A[T>G]C
T>G,TG.ATG,A[T>G]G
T>G,TG.ATT,A[T>G]T
T>G,TG.CTA,C[T>G]A
T>G,TG.CTC,C[T>G]C
T>G,TG.CTG,C[T>G]G
T>G,TG.CTT,C[T>G]T
T>G,TG.GTA,G[T>G]A
T>G,TG.GTC,G[T>G]C
T>G,TG.GTG,G[T>G]G
T>G,TG.GTT,G[T>G]T
T>G,TG.TTA,T[T>G]A
T>G,TG.TTC,T[T>G]C
T>G,TG.TTG,T[T>G]G
T>G,TG.TTT,T[T>G]T
